#,"",selected_data,original_data
1,count,50866.000000,54724.000000
2,mean,6.791393,9.132739
3,std,2.606156,3.630393
4,min,3.000000,3.000000
5,25%,5.000000,6.000000
6,50%,6.000000,9.000000
7,75%,8.000000,11.000000
8,max,22.000000,42.000000
